ID_resident,MMSE,NPI,Age ,Berg,time_up_and_go,history_fall_12months,falls_in_next_6_months,Total_Falls,Fall_Status
sJUDPk1TBr0cLnheI/d5Ng==,16,17,95,14,,7,16,23,1
d8UqYeXVYdj7BO7uqd5NtQ==,17,12,86,,,6,0,6,1
sMItG2E8V41JsBA5vTqkfQ==,0,0,93,,,1,8,9,1
pJpuoa5UMExSiA6RBHj3Lw==,0,0,81,,,0,2,2,1
cTTEAXxp6U6FzJui3YRfCw==,20,27,99,,,0,0,0,0
tpS/T5NHwObeKYhfBDTeYA==,30,0,91,,,0,0,0,0
e3P/6DYd6T1/FX0yZ+c5SA==,10,15,92,,,2,0,2,1
yOV98O9FDE+QdWqoVcbG2g==,21,3,93,10,,6,29,35,1
iObmwuEgHS3/eWJ6W/cTzg==,30,18,83,,,1,0,1,1
14wpIL6D4+VhHv9Pi7bv4w==,16,2,90,,,0,0,0,0
RF0vmXp9xcOOiw/qD1MkIw==,15,4,100,,,0,0,0,0
RvW6G6RGnvCmbi9YUBESBA==,12,22,92,,,8,36,44,1
bV9STgHaOnmEwOoV5524tw==,20,0,95,,,2,3,5,1
BnGh0ja8rh82ufMhT6hIRQ==,16,4,96,,,1,2,3,1
B9CXnX4VeX5jYoO20PAcgQ==,0,14,72,,18,13,19,32,1
8SLKFj19XDn0JN+Y2H0otg==,10,17,84,,,1,3,4,1
Qovk5LFSLU3jVsSrviarxg==,30,17,84,,,3,0,3,1
GSJWP6yZIIC86FKDkAPI6w==,24,30,87,,,0,3,3,1
mGuuPt5FmxGOFoK+92+9Bw==,30,6,93,,,6,10,16,1
nx2Ndx7p+/ObqvB3YqtA8Q==,28,56,83,,16,0,3,3,1
rXCpWpuiAA7pgkUbEmLNOA==,8,5,93,,,1,11,12,1
hRdYycdG2DEgQsRO/pnNZw==,26,5,91,,17,1,0,1,1
BLL0Ju2Ykvvif+aFydKKNg==,0,12,82,,,5,64,69,1
VgO+ZZ68oq9Am5VeGSWpPw==,27,0,88,,,0,0,0,0
M6ZviBqKurqlEJNSCvHOQw==,18,42,89,,,0,0,0,0
Q8WiiEz1DHU/YQGOqHrc4Q==,0,20,82,,,3,3,6,1
3FjHR6udB9ZOvNguvQjPNA==,13,20,94,,6,1,18,19,1
tuqUTzMgfaUZ+OyNuDhjrg==,28,4,93,,,0,0,0,0
hHsD9puZqhBOQajUiiOgXA==,16,0,76,,,0,9,9,1
FzH9BzBJ0zuAIwwRdq1KDA==,30,39,92,,,3,3,6,1
4GL53r/lEieeM5+/J7SQEg==,0,44,96,,,3,5,8,1
PBQ56PRIEqFJubSMnPNX/Q==,12,23,91,,12,1,7,8,1
BAwG18ssfXz+TdsaN6YkBQ==,28,18,104,,9,4,34,38,1
l6CAANhKAZNjt2L7p5BllQ==,3,21,98,,,0,2,2,1
pdEMYZkpxrRr4z5Z1fil8w==,20,0,82,,,5,4,9,1
YyS+cK+/QraszNoJifwN0Q==,2,21,87,,,11,9,20,1
o1AIUuNEHsk2RZyOmyXrIQ==,17,28,75,,,1,0,1,1
fOpYRVyMCrRBBgagwJqxaw==,14,34,96,,,9,5,14,1
1TD13SjpgFFdNyWc2BSBDw==,18,20,86,,,1,1,2,1
4Od5Ddg7qo8ZZ4oqYsWyng==,18,65,89,,,11,3,14,1
uh8dfzEmzVRT22q4aEX/Ig==,15,17,88,,,1,3,4,1
YRfbPMGM6tKehGw6MoPHQw==,29,0,95,,,1,2,3,1
xQ+YElB3X6ZRN9BoqeF6vw==,27,1,81,,,0,0,0,0
Km5d9ADKcLOi99MqRkr6NA==,21,3,103,,,4,7,11,1
CvsLLWkSXtSDcl/HoUp2tw==,11,28,98,,,1,3,4,1
WkNGf70q9UC9eeye6QIf9Q==,26,10,91,,10,2,1,3,1
z3su64t0f/y6+6VkthjEWQ==,16,8,90,,,0,0,0,0
YOVz6voHZQq5/38vrpVhTg==,17,4,99,,15,5,8,13,1
XmqhD0Ahm19t6se+W/Hxug==,6,12,89,,,1,2,3,1
H4d5R1XNKxN5yGZ+f6ZPgA==,14,10,87,,14,3,1,4,1
AEOGCj1NsAYjIMxyTlCc3g==,0,64,72,,,4,0,4,1
joQeKTg8ZMntBOrayVzrQQ==,18,8,89,,,0,0,0,0
GZNnYP/OrzPQGRgHKFa96Q==,8,23,92,,10,2,6,8,1
5tc0cRN4glq2TRweWTsD0g==,30,39,78,,,0,0,0,0
0bgm1qy35TTxj9KzJLkYbA==,18,10,89,,,2,2,4,1
1FAt3SHJG7IxFbeVACo8+w==,19,18,88,,,1,1,2,1
aKCHM0gymJP3GWbmOngkDw==,18,34,84,50,,3,5,8,1
feFT8ar7p6NdGXb73lN3/A==,24,2,91,,,1,2,3,1
3pSnJa2XuUV43zTNoPVsng==,15,3,87,,,2,0,2,1
g15CQXsbDu4Q2aLkK2ra7Q==,20,11,85,,,0,0,0,0
hCGsGLjpP1E8CNpIFW6Vhg==,26,12,96,,19,0,0,0,0
aPkZ7m/nBZ6DSPTqCux/ag==,27,10,90,,,7,8,15,1
QAUhLtnZ2CcrVB/Z7/lUpg==,19,13,91,,,2,3,5,1
OX4n6oiatC5EenADT6oRRQ==,18,50,93,,,3,1,4,1
RUUoAcaUkgHrHuxfzBY1og==,31,18,86,,,9,9,18,1
FM+s/OXYknxgpYZweNvf5Q==,23,12,81,,7,0,0,0,0
8jvOJmFF4Q7wRVnnWA+Gow==,29,4,95,,18,1,0,1,1
B01io1WKTY9ExVmGojOvCw==,24,24,85,,,9,2,11,1
oMVOrWzYGDoNyGnuiAfLxg==,12,31,77,,,15,18,33,1
f6uKWm1q7TjXn4qaNyl87g==,9,84,101,,,2,6,8,1
D86YDCXzywGeqLp4WTBeKg==,9,53,81,,,1,0,1,1
nE8lykEdyjoQHjnbag3Veg==,20,2,94,,18,0,0,0,0
ODuPG5U2i/hEyu1mBfVE+Q==,3,8,92,,,4,7,11,1
fmKw/0PLUVG67fvL0hPCcw==,30,12,88,,,0,0,0,0
YPt2g/PqsrRFPBw5lkfEyw==,18,26,91,,,1,6,7,1
eGM9mXQ0ypIN0nr3Ji+8BQ==,18,9,94,,,0,0,0,0
st/2cDc64qSDprDgIm0K3Q==,18,20,78,,,2,0,2,1
w63kb8W1nB0V4/6Qk7HQTQ==,18,21,94,,,2,8,10,1
x1MrnqLrfeFuZ2LR2i4Zwg==,18,34,96,,,1,2,3,1
Fo5cQE7M5Kp6aXvqjz3i3w==,25,15,91,,,4,1,5,1
hIa4uVaC1RrAanVTSZd8kA==,13,14,87,,,4,19,23,1
p4WcXCfXb7dsZX9IdsgR3g==,12,34,91,,,7,8,15,1
ZQVfokp1v2k/UAUS3oi0DQ==,19,7,84,,,2,9,11,1
pveh/FENdzRszsosIiM3Lg==,21,5,86,,,0,0,0,0
0xs6QdLJ1Xd+OYYNN6+Img==,3,25,91,,16,0,0,0,0
Btdabvzzap1HxLEGNiKwOA==,15,27,78,,,0,0,0,0
ENXmlpjdSHQfxOsuyCWLwg==,13,8,95,,,9,15,24,1
3RnoA0TDVu5uKVevX4GOcQ==,24,9,95,,,0,0,0,0
5HqdMztSoiKelURjXFWN7Q==,9,22,92,,,0,0,0,0
ExRPEPgEYTeMHxh0sZ0qjQ==,14,12,94,,,0,0,0,0
0v6kPznGD8R8WsVbpdSnnQ==,22,19,102,,,0,1,1,1
ww6JT7MckRB53b2B9mR5EQ==,13,53,89,,,0,0,0,0
kpQcIUJxVKZ4vepjbeW1qg==,9,7,94,,,7,5,12,1
khBCuGa+35V81aFBYKfP3Q==,12,4,89,,9,15,5,20,1
pqMR9BK6HLKXem2CmuM++Q==,5,3,85,,,0,0,0,0
qKdqeLWrWWJoNFHQARhVMw==,9,25,88,36,,4,3,7,1
GDQE5QirY8qiFOROd3+ONw==,1,29,94,,,0,0,0,0
4NANc50Ew+NFlZPA9K9VQA==,4,39,92,,,8,50,58,1
rgyFbAQi/MMEif2ISXWpIA==,13,8,95,,,6,1,7,1
tm9BC2jnR868XjRqjy1hQQ==,2,21,92,,,1,1,2,1
2Us1BEEoCxgX3LCruptdhw==,14,17,92,,,0,0,0,0
crYwO5mr0At3GVr8SE4NmA==,19,0,88,,,0,3,3,1
lOO1zKhYo5qwPStmGTYqbw==,16,1,89,,12,0,0,0,0
Pqb8F3FMrqv+ep2rl6ZTmw==,17,7,84,,,0,0,0,0
vCGT9NWdfwFff6nHBnTk5g==,43,4,94,,,5,1,6,1
IrttRWlDLVCDICAADeue0g==,12,1,92,,,8,36,44,1
XtrZzQh/Lm+7PyigEJ2GOA==,10,25,93,,,3,5,8,1
r22or1zOf54xLGob6si5sA==,16,15,94,,,3,21,24,1
Zu10oez4QowqZa8vbWPBng==,12,23,100,,,0,5,5,1
EBYRFpLH0QsqGX4rUwOxAA==,8,32,82,,,5,5,10,1
Ou1ZoVuwvOIMF5hl9QI8PA==,18,28,93,,,1,0,1,1
u1PjND3qgHEXXFnUOgK3sQ==,9,4,86,,,0,0,0,0
TJyvlZtEv+ACx1wRMBSz/Q==,4,12,74,,,0,0,0,0
7bAt/4oBGJy3OGZzUfjNYw==,20,20,88,,,51,53,104,1
1k4AGKTALcgPglPlIHWqcQ==,13,29,92,,,3,0,3,1
9iNFTISM6FA0RsWmEXUd5g==,18,56,71,,,3,0,3,1
dZD4IZvOhVbLvwXdttWRoA==,19,8,98,,,2,2,4,1
cprKsb/d8DA6oLdAl5Micw==,21,4,93,,,0,0,0,0
ej3cJSFkIw4hrib6YnJqag==,46,12,82,,,1,1,2,1
xdYNgj6nL/DGELynwsUvcQ==,12,4,90,,,1,3,4,1
b62yoGIQrc9I+HE3GAkYQA==,10,8,76,,,0,0,0,0
FNC2bK41peCOjfRDUhZmAA==,18,54,87,,,34,29,63,1
fZaoqVmUMP+J215MCApxKA==,19,3,84,,,5,0,5,1
LNBfnsLpFOPxznxyZ2e6lw==,17,10,92,,13,1,0,1,1
a1Q3svmScqxu7XynhHtx+g==,18,24,77,0,,5,9,14,1
+2sjGa0XbSRqENXsf1e+RQ==,6,6,95,,,3,12,15,1
GNlQvQ5Evj0mhP9QAb02UA==,29,0,92,,,2,1,3,1
9+/07EUhc1BSXCznotNzZg==,30,28,83,,32.93,30,44,74,1
rFaY9tWgBbFjXKp/IwgoTA==,12,6,87,,,0,0,0,0
Vzk04KdyQYuV8hQwllzHaQ==,12,5,109,,,1,1,2,1
azzeT5J60SL/fB1ri7Udeg==,26,6,96,,24,0,0,0,0
TjMRe7gwke5TugLBUU0s7Q==,14,33,88,,,1,0,1,1
NrMaIfDRKC1ZUzSG4ir/Hw==,10,21,96,,18,0,0,0,0
FIFZnstrxcfLoCp69GplAQ==,14,4,90,,24,0,0,0,0
AjQYyVHJ9AmVyOTQbYGyPA==,7,32,93,,14,0,0,0,0
j91xLHVkKa9mC/5DSggR8Q==,13,21,93,,11,0,0,0,0
rg1TKtUDKuPz17AvqK5M2g==,16,4,89,,,1,0,1,1
T8hmxSOZlZz4eRYlAonSJQ==,7,31,100,,,0,0,0,0
HkQK3r8RmnxEN/uz/YmqCQ==,0,6,96,,8,0,0,0,0
J/v3iIvRYhOK3MFE3pxZog==,0,16,88,,12,0,0,0,0
NiSutELdpxqUBqxegEXSPg==,19,12,87,,12,0,0,0,0
c0eBpYfsN5G72zxeUyjhEA==,24,6,81,,18,0,0,0,0
kIFE31ZX0i+y/Wi8tqz6/g==,18,6,86,,12,0,0,0,0
ZerUGlY1sAoBWh13o1qzFQ==,17,18,102,,12,10,5,15,1
5nXHaDMQCuqnLOFD9RH6qQ==,10,28,94,,,0,0,0,0
nAISJu3L4YHY77oKzpwXOA==,16,31,89,,,5,5,10,1
0D5k9RCoTI4zvgqzk5x2QQ==,27,19,90,,,0,1,1,1
TcMvKTGQJ/DZ12T68FLxVg==,14,29,92,,,6,0,6,1
aN1DS3weZb3Y3khyl4LpuQ==,12,12,92,,,10,4,14,1
Bllmag3M9YjmQF0oUXFnVA==,23,32,95,,,0,0,0,0
j9C2Gt5tUCKU/5hLycq8sA==,28,2,87,,,0,0,0,0
wAPruM/mQQ8TYLkcyN371g==,21,0,88,,,0,0,0,0
5T37r8y+KvKDWHcbTNh6nw==,9,44,101,,,10,6,16,1
Nv3Cp7XoE+yBhp94c+/xmQ==,19,24,104,,,0,0,0,0
yzpQIWNfuv69HJAg9QJybQ==,20,36,94,,,0,0,0,0
eXLo7L5S1RvqbOguBUy8CQ==,15,26,96,,,2,0,2,1
S2Eepl4teTQwY2CSX43ITQ==,10,18,92,,,1,2,3,1
jnQAdvZhgLr31Y+Y7/EJdw==,11,2,93,,,0,0,0,0
EtkryQTqYtAxa/vHDFgLHA==,20,2,88,,,0,0,0,0
+I5npeZknf1akQW9nLoxDw==,12,27,93,,,1,3,4,1
blygJp715a+qUQUWV0FI4g==,24,15,96,,,0,0,0,0
GzILW0omohu/s2FT249pmA==,11,14,93,,,0,0,0,0
NhyWepVtpWzyiD82w3xW6g==,26,25,71,,,1,0,1,1
5INRRG2sHTvJghOUXduUpg==,25,32,94,,,0,0,0,0
Olpd+QdlSwUFkKb8JgjxJA==,16,28,88,,,0,0,0,0
S2awZs7IqSOW4GMBZ2Qm+A==,21,51,78,,,9,2,11,1
bKCezNnWEx7ZG8b29mErqg==,28,20,94,,,0,0,0,0
xc+td862x3q8VH0vfdSwqA==,21,14,73,,,0,0,0,0
+kaNrdT0+NlpghizwESebQ==,22,0,94,,,0,29,29,1
M0/dJsFwKASD7i0eKclo3Q==,5,23,91,,,0,0,0,0
aCQ5nxIZ9TLmVJihbER7rw==,25,0,101,,,13,9,22,1
62DX3HSd2aArpkp7IrvaAg==,2,29,97,,,1,0,1,1
CXdtxUYc8wOK8SV6EsVXiQ==,18,58,100,,,2,7,9,1
8Id+auMDOieKw9xFqnL+nA==,5,26,97,,,1,1,2,1
sBXTNm0PsM8jTK6ybdSWyA==,5,11,91,,,0,0,0,0
4ekwtl95Qbl+l7LWlfRS8Q==,11,48,93,,0,2,1,3,1
8Nmem9oUpdr87TUh5FEqOg==,14,5,81,,,0,4,4,1
8eMAX+5z58LTdI+PuFetKw==,27,19,79,,,0,0,0,0
7D/2V+mVfscGzQE3qmFxTA==,14,17,90,,,4,6,10,1
RLCekopNYxytYAoewNx47w==,27,26,94,,6,0,3,3,1
DCivRsGgC4n3Sf4lMRBiQw==,18,0,89,,34.07,0,0,0,0
HChCXAh1CCoaR8A4BXyVmQ==,24,21,94,,9,0,0,0,0
uTggeCR5ffilZECs1rFZ7w==,22,17,96,,,0,0,0,0
uN8Bq9Tw4kOuLUmf46abhg==,30,5,98,,,1,6,7,1
5lNzt370lS7qN91beQ+c2Q==,6,21,86,,,1,0,1,1
jfBdkCPIR6Sds6k81HWzKA==,1,35,83,,,0,0,0,0
W0JMr5QbalyutXl6WdgTdg==,26,16,88,,,5,7,12,1
7TDp5aNcrD3xupp3hneezQ==,29,14,92,,,0,0,0,0
R7U2GU8XWLJ66cGeIGkL1A==,10,41,83,,,0,0,0,0
S131rdxgA489t/uU7E+nJQ==,18,18,88,,,2,12,14,1
rgpQVXvJgNxAFUMLKTYfBQ==,30,0,90,,,1,29,30,1
WgFizBf0L50njf10cEWgBw==,19,46,89,,,22,18,40,1
AYwdzl8Fhnq1JEuHVh+GOg==,30,4,90,,,0,0,0,0
LFsIx2LZtoRp3dKGl2eqBQ==,33,19,91,,,0,11,11,1
NvMP31knu8axbq1+bldt5A==,11,27,93,,,26,67,93,1
yt4ks6AMKG22iKnpL/c3pg==,5,24,98,,,0,2,2,1
m25nQiKGsnJJ5TAdcrs4Qg==,4,23,93,,,0,0,0,0
enLpupW18rMVT3ltVSKDLw==,13,9,89,,,2,6,8,1
wk6YXhGRgOUf/kDCvwVM2g==,6,10,93,,12,,,0,0
GZEJoBylbuHgUdRGB80VVg==,18,27,95,,,1,8,9,1
QPI/FM5TVCahHzl8aHtPNg==,9,20,88,,,9,6,15,1
TyOBbdAF8Tj/wlpUINLqow==,17,17,92,,,0,1,1,1
pdZdKTrfPau/d5GNrwWb3g==,25,7,84,,,3,18,21,1
OW9dYvULHxNg1Q33Tq5bWg==,15,14,101,,,7,5,12,1
6uLaLKOgr2Y4Kcddu+L2Gw==,18,15,100,,,1,2,3,1
PEFwXMoyGZfkKI0pAWpRsw==,16,12,79,,26,0,0,0,0
0UkyJHh35BGq7BLHV8UQ8w==,0,15,95,,,4,3,7,1
1OkiSdMjf7G2xl033c8alA==,19,27,86,,,0,0,0,0
0baCBT+CYRCocbcIVu3AfA==,0,18,99,,,6,4,10,1
Z+aWg+ShQinl6ra0AKvU0Q==,27,0,85,,,5,2,7,1
g9MkbpVf+If42M+AcHAKOA==,11,69,88,,,1,4,5,1
/kWQDj89zBbT6Prw6/lFvw==,10,51,86,,,0,0,0,0
qiDvqIxpgvnXOFrstxwBTg==,11,11,88,,,10,2,12,1
B1cLq0jgYPYgNJPcrgv6/w==,20,2,75,,,0,0,0,0
zNSFuFynAPU/AtbYgtBPfw==,11,16,81,,,0,0,0,0
kt7PezJjBKrMfDeRUOBJHw==,14,9,96,,,0,0,0,0
ZjWFoq9/e5zjrRT7jzexvA==,24,20,89,,,0,3,3,1
PUL+IE8PqJjMxrTBk2rooQ==,24,6,101,,,1,3,4,1
BSAMsczMeixA7koG2urrxw==,10,17,94,,,3,6,9,1
Dggl0dWiqB9j9D+u51tPUw==,26,21,69,,,0,0,0,0
AB6frBZhyXOw08XQvPvWhw==,8,15,94,,,6,4,10,1
deD2qvd880NuNKo03YC5Ag==,23,8,93,,,0,0,0,0
6o7xHEPSYtIazNF/Kv5OGw==,8,34,93,,,5,5,10,1
aqOCLxninGmVoZjUW6i6tQ==,25,31,101,,,7,22,29,1
dgHvM1WS75esihJKTxvbwg==,22,17,97,,,1,0,1,1
FHifsMBAVOHWMdRx5DReug==,30,15,90,,,0,0,0,0
mp7vf5806H9el0a+4W8yEQ==,3,11,88,,,17,29,46,1
9W+VpoZYTG4Jm68lNs+oUg==,17,30,89,,,5,7,12,1
V/A2rDSFcYHtKPjir6RtvA==,17,33,85,,,0,0,0,0
8DvvovLq8f9Arh+qYvc+Lg==,26,2,95,,,0,1,1,1
KMAVLfDGw4Yaj+vH6Vs/3Q==,5,8,89,,,0,0,0,0
ofufVKyvXFqGNIQuvpmVYQ==,19,5,88,,,1,2,3,1
piQGsrY06yZn/3YYMftnYA==,30,56,95,,,0,0,0,0
N7iTjrmwFh0sN/I5VCuGCw==,18,20,88,,,1,0,1,1
AQGlMfoPobdi1Vrx8K+pTQ==,18,54,90,,,21,23,44,1
i9gfolEbcjmNWHz6B1nStA==,12,13,76,41,,0,0,0,0
9vGRO70ZewqIvA11GWX6QA==,29,1,91,,,0,0,0,0
OPhbsxI5DPp6PxmXOxCEfA==,16,40,92,0,0,0,0,0,0
kTanHiMcMQh2whU+NqRrsQ==,18,16,84,,,1,29,30,1
DDWcE47cxccGNHGxlba6Pg==,18,13,101,,16,0,0,0,0
vx9V4Yf3t7J0ttDYekif7w==,24,14,88,6,,0,0,0,0
utBiaEZA6JT8WkBn0TT7Aw==,17,16,93,,,1,0,1,1
B1q9R+dPcVGLUqYf4StOZQ==,22,30,90,21,22,0,0,0,0
1RzTp9z1+BwKJ33KpFjacQ==,14,9,77,,,7,4,11,1
gOLqQm1BiNZeefmkAFCTyw==,15,3,87,,11,0,0,0,0
eOavHnMbL9C7jHy9EtSPNg==,25,13,90,,,2,2,4,1
bZuhPHuxSsnKglbrG4ePaA==,15,6,92,,,0,0,0,0
e6E4H5UNqpLOJAP8kfxkog==,22,6,86,35,,1,0,1,1
9dnISGc1eo00PrgWxEIR8w==,16,42,71,,12,0,0,0,0
w15pioz3WBT92KGBCHzmUw==,2,24,87,,,0,5,5,1
gR4EyQxDT5i6BptBjvv4NA==,22,7,98,,,4,3,7,1
YvxngRPIT+9jh94sZx1woQ==,30,0,93,,12,0,5,5,1
7yntj9uEK1mityADRCx4Ug==,10,3,99,,,2,1,3,1
J+hX2AFo2poSz48hR2ZDiQ==,15,18,82,,,1,0,1,1
UvBPANvEQSIexMkHNO7Haw==,12,0,92,,,0,0,0,0
uWzNERiSJ5o/mJX+EJgzAQ==,21,4,99,,,0,0,0,0
LBJCWLQ15VRbaTl14ejW6w==,15,12,84,,,0,0,0,0
T3XK80gE/EP/d2SiriNqWQ==,4,48,87,,,1,0,1,1
mJNJ/fSaIqlUKBUhHqhrrQ==,28,17,95,,36,0,3,3,1
aUzI4PAqq+pXIqY9zFGLpA==,29,5,93,,25,0,0,0,0
6K2JzOJBRIMuWNwqwAYDng==,18,12,92,,,0,0,0,0
dS9mDwVY7hzL9Sfb/82ciQ==,30,34,89,,,0,0,0,0
ljn1LO2XYLb/+i7bmEaYcA==,19,0,91,,,4,1,5,1
W45fpUgNqOzyBi3NGSs/5g==,30,12,86,,,0,0,0,0
CeAVIhpEatrjTBO+qP9TMA==,5,18,86,,,0,0,0,0
QxOO00iHvRgq1zsD+D4kOw==,30,0,79,,,0,0,0,0
tottQKiJy0EUc7npAy+ASg==,17,17,89,,,0,0,0,0
IcRwBHiy/s4U3utA3ntdNA==,18,39,95,,,0,58,58,1
Sfrdkyt28cTO4FLEc+N1xQ==,22,0,84,,,0,0,0,0
fUY3zstAYhlL5RVd6x92XA==,18,40,85,,,0,2,2,1
zx5/B8JBu4SQVtEHPc6fVg==,28,3,89,,,0,0,0,0
DSJb2hXX1YJFnwWmcd27jg==,15,2,90,,,2,2,4,1
pVX4D3qibgSRQlKqh5/8Aw==,10,9,99,,14,1,0,1,1
MESIIfgwVt90P2pK3EsrZQ==,16,8,88,,,0,0,0,0
LIBkViY2px/d090mz1KXaw==,15,1,79,,17,0,0,0,0
m6VbuTMgBJnnE/tzLWreEQ==,6,17,87,,,0,0,0,0
O5YRE1lZvch4prkuvWEsRg==,27,2,90,,49,0,0,0,0
dvBzToCB6ncgMVAe4iAPEg==,23,60,81,,,0,0,0,0
AyixMVV4weY4jTzz2gXNrA==,23,7,96,,,0,0,0,0
O6E2lq/jThUHNEgq6VVGZg==,22,0,92,,,1,0,1,1
7347BBlV7iVR34hLKamXjw==,24,4,84,,,0,0,0,0
tkmz18Z78GkImlN/zLKIsw==,18,0,101,,,3,2,5,1
AzVcuIOWrS78ToHkHuhH7w==,18,29,78,,,0,0,0,0
Mm7kfoEobJSumv3VQzjjcg==,15,28,88,,,0,0,0,0
nMddJQU09Xe7qJggwgivBQ==,7,12,92,,,0,1,1,1
6AvdOD4Ouq4gx+I04cLXWA==,30,32,85,,,0,0,0,0
qIfERUb+FZCSazQCOx5y9A==,10,12,98,,,1,0,1,1
YYGE3p+XvZIr6TlRFnEiJA==,16,16,86,,,1,4,5,1
/U79XY3eGjNO8QgY/MrcgQ==,10,14,99,,,5,3,8,1
KBFjUti3bcljw4EJdiaIRA==,24,12,91,,,0,0,0,0
NkLvAckajKq1D523o6oWOw==,14,41,94,,6,0,0,0,0
QA4tHGka9/i8iF50CQ7iFw==,15,0,96,,,1,0,1,1
2sfJ0ks5K2XIlaxHBjp5Aw==,27,0,102,,24,0,0,0,0
DNzNvPH+daBxg/uaB5uH3A==,6,4,92,,,0,0,0,0
dCi+h2T2bWV1QkNFCd7h5g==,30,43,93,,,1,12,13,1
wUS2Km+/yQx1dlSTbq1m+Q==,11,88,91,,,1,2,3,1
2AV5F57e7v58yXfUtUVeAA==,14,0,78,,,0,0,0,0
kOT31vuiuyO484oLmuXc9w==,10,3,100,,,1,0,1,1
byU5wH615hrsJhYdirWcTQ==,12,6,93,,23,2,1,3,1
PHaNrmqgln1bywaRO3u84Q==,20,6,90,,,0,0,0,0
hJmPKdJoetZPRtoaDmmdug==,16,10,89,,,1,0,1,1
VAzTBMQ9OajnAnQcAPvetA==,26,2,72,,,0,2,2,1
pDock2u5oLNGYgwIpcxfbg==,15,16,98,,,3,3,6,1
NEZmPFSUHL7dsxkbBLSTig==,12,12,82,,,0,0,0,0
Z149M0x25nBTa5vA4IQa0A==,8,20,83,,,0,2,2,1
Jtw65rgCTXXb1jE0niVOgg==,17,5,95,,28,1,1,2,1
RKjQEe7QvHUcGISU9+Tw4w==,21,4,89,,,0,0,0,0
RkVuqN2Z9xpofhliX2xo7A==,21,3,96,,,0,0,0,0
NKNfySHZpzqNwXP3qUVo7w==,26,9,87,,22,0,0,0,0
XQGgJ/xUsutfT8d0nkS4Og==,24,10,93,,,3,4,7,1
/4UfflbLcsJOhxvi7qTtKA==,28,0,82,,9,0,1,1,1
WejmPBdN7Aiv7+HJPnu9JA==,21,1,98,,,0,0,0,0
jDAch8dDoVl2tU87/WcgNw==,29,6,80,,47.33,0,0,0,0
vnNECX4+I2RReLH9KzWt5A==,12,36,89,,,3,1,4,1
mcoIiGYYtBrP/gbD3R2cRg==,18,14,88,,,1,4,5,1
BKpMTwXZFrUdi+Wx5lN+jA==,18,50,87,,,4,8,12,1
HMTHCs/YP/j2KusCtOtyXg==,7,21,83,,,0,1,1,1
XrdU8y2EcFJ4VwfEddw8vA==,14,4,78,,,0,3,3,1
pyweRt5PpFHUzevPVGnFAw==,25,0,92,,,0,0,0,0
rBIY6wFXwYswYq5sFatLJw==,16,0,93,,,0,1,1,1
aMXDvC2cOIFShEp0Nt5rjw==,13,1,80,,,1,3,4,1
ZSpUskHP/wxPW4JZd059oQ==,17,8,76,,,1,0,1,1
rVeqoHTRyg7R/yq7Ke9rSw==,12,22,88,,,0,0,0,0
cc58bk744APEU243EVndSQ==,21,0,93,,,3,1,4,1
rQxhxCOZJNnGp/0VomVJtw==,11,21,93,0,0,0,0,0,0
NpTNrag0nTTay1sVsaP1Yg==,29,3,89,,23,0,1,1,1
xwYY8+R+MuBoMx1LC9Pw+w==,13,24,94,,,0,0,0,0
EnpTRj6zP3LAyE3gN1K6Vw==,10,20,81,,,2,1,3,1
mIOhXATBqT2p6voAonyLUA==,38,22,98,,,5,1,6,1
YsStvfynCRLcT/v+Alkz8A==,24,24,82,,,1,0,1,1
yIWw7oXBwnLDA/GJ4WMZbA==,21,8,93,,,3,0,3,1
xkI63hbegLm6zF/ZW+aJCg==,22,11,92,,,2,1,3,1
ojd+0B9cqnPeHAI/X0hDYg==,23,3,88,,,1,0,1,1
j2RjCT+AiCP6nM3TOAcgoQ==,18,63,85,,,6,3,9,1
yFWV3o8FW1FEjJyStB1WJQ==,10,27,75,,,5,5,10,1
p8T+ZaGZPDMFxyACpeiYlA==,13,14,73,,,0,0,0,0
J7Ik7CEe/PZT02aHg91vfA==,13,47,78,,,0,0,0,0
uq0xyB9mOLvcWz3mMhf/dQ==,19,0,72,,24,0,0,0,0
hu3NyCXOxtl1zTMxZWVaJA==,11,3,81,,,0,0,0,0
ENATkyS6jRU0Sa6ICm2omw==,16,12,100,,17,1,7,8,1
bd184irE8PAFPEdUMe4MOQ==,0,12,68,,,0,0,0,0
hIB4x0NhpNBWFBygn3rxrw==,26,12,91,,,0,0,0,0
yFJjTq4e5XMK+RhUqtjMvg==,26,0,89,,,0,0,0,0
snmUUaSOdmpErdEdM4qjpA==,23,14,91,,,2,3,5,1
1sNhlfnB2Y/4vOnzAExY1A==,28,36,86,,,0,0,0,0
vsLkf1Rf3zRVCrSiAd1kBQ==,17,16,91,,9,2,2,4,1
82hkTLrx08U1S1d3xSmJtw==,19,17,74,,,0,1,1,1
SOU7nsZMeODsnkkIVvX+UA==,11,6,90,,,0,2,2,1
ZgmCFBOmzKBdI9hqdGGKpg==,10,9,90,,,2,1,3,1
i+rFIykjVsAUVYLnMuxgbA==,17,6,80,,,2,24,26,1
aMjEAaMp8Z+fyX4W61VuNw==,29,17,91,,6,0,0,0,0
v+dQfpYsTkZgsUWqbA95BQ==,4,2,82,,,3,16,19,1
nztK/5u3ys8QR6yEmadSSw==,15,21,88,,,2,3,5,1
JnnYuDMq3f/fzof2tzVMzw==,4,25,91,,20,2,16,18,1
SM7MSDf3pvkV4HnAjFuJBg==,17,40,86,,,0,0,0,0
PnF9/9CwLqHN+nZSHdMqKA==,23,1,96,,,1,0,1,1
2NmnSuNCI0Y3c8wtA20HFQ==,18,12,100,,,1,6,7,1
fu2R0sfW8HvyqUYwy2LwTw==,18,23,88,,,24,59,83,1
6bNrenZhWesHhjkUTSOCTQ==,12,26,75,,,1,0,1,1
JIFgnE648EkXYAZJ2H5GsQ==,7,8,84,,,3,1,4,1
tK4GqL87AJ3wYDGvfNHMyQ==,25,4,93,,,2,2,4,1
L0CJ+hGGRB4pGBxcKGKyfA==,24,17,96,,18,0,0,0,0
VSI/HVH0ISPjrhYZ0eXIjQ==,14,39,83,,30,9,2,11,1
eRz/LJRKHS6EzFydT1Ll+Q==,17,17,94,,12,0,1,1,1
WCm3aksQgBUX9aa91SGRWA==,10,54,81,,17,1,4,5,1
mFOLCzC+amNIX3lk3AeIsg==,5,19,95,,,0,0,0,0
5zu4r0VHNjn0kH0TbGubsg==,25,2,82,,,0,2,2,1
OBh0Adj2u7yXWl4dwHjpgg==,16,22,78,,6,0,0,0,0
xUUGl9uj2C2MskDXkpEFng==,19,8,83,,,7,0,7,1
TtFivRxchhxqCfDQDS/DLw==,14,1,95,,8,0,5,5,1
uCkup2WuShOd3zHshV2hag==,29,6,85,,21,0,0,0,0
Mhud5OL4JNpYEWbYrlqjiw==,20,1,91,,11,13,44,57,1
MINnQ6wjOusJwhIliRRuUg==,27,32,81,,,0,0,0,0
WWHX7FPnf+CTR6uR4jJvHA==,28,0,99,,,0,0,0,0
XAOfCM9q9V15nrqNhEoqpw==,30,61,92,,,5,12,17,1
WfiDq/ogdlXEP2nMag5X5A==,24,4,82,,,0,0,0,0
CO9GoXia3zr9T4I9/F0uZA==,29,6,93,,,0,0,0,0
td67gYw1qV3Cl9PUHBxJAg==,24,23,76,,,0,0,0,0
bAEN2vDKd+giJECBA8TKIg==,13,28,99,,,2,1,3,1
nMtshaW2jRbSSWQDxXMsqg==,14,4,93,,,3,13,16,1
MVhJhuPSHUbVQSubsRzf5A==,21,17,90,,7,1,0,1,1
JYOwBt78oxm+atetZHkbuQ==,20,56,91,,,0,0,0,0
M12sBVcDggk8iPklNL1hsA==,18,17,78,,,0,0,0,0
poCvGHXHnmC5uiBNd48ukg==,22,17,102,,,0,0,0,0
FAE7lBwxOdPjeZeLBOk0Mg==,18,17,89,,,0,0,0,0
UfxPZS0/rEEZhmA+w7E3eQ==,21,31,86,,,3,1,4,1
B6DWEFGS7T/LlSqaI7SlyA==,26,31,100,,,3,1,4,1
5M089NRXke3m49EZ/CKWtw==,18,0,92,,,0,0,0,0
ZzxuMPHlXucymXspIZPPzQ==,30,10,81,,,0,0,0,0
HNYRw9VuY+xAbHHauiywiw==,26,1,97,,,0,0,0,0
aG3ocJm26jVATLu9UTUFzg==,15,20,86,,,0,0,0,0
135mk46OCvHlznHtJAeRJw==,23,16,89,,,1,3,4,1
PDIs6u73rNI4ROlEBrIitA==,10,6,91,5,23,2,54,56,1
6XEy0xrIkICyRiaGvly+5w==,0,13,89,33,,8,6,14,1
1gKoIbDd3wVXRaPIUBjx7w==,17,8,93,,8,1,0,1,1
5ZLQR2j5RjLEb01hY8Nfdw==,30,0,87,,7,0,0,0,0
dHpqdCp53Km+cmQzzEGnXg==,21,0,100,,,4,0,4,1
rpCNkbJgj3f3E7eNniZGDQ==,26,10,102,,,1,1,2,1
72PX2cUQjNWrrcTlemV7DQ==,21,6,100,,,1,0,1,1
R1XyL/dbZ/6IJQfvUnlhhw==,27,4,92,,,2,0,2,1
TL3i5gTclFoP8XqVScilDw==,29,14,73,,6,0,1,1,1
vi8ScAEcF9yAZOiTXfd/XQ==,13,9,89,,,12,13,25,1
6LztnPGQ+RNNRy6p5Dn2qA==,30,8,68,,,0,0,0,0
4qWQgrZSjZ9GzDY2c5xGhQ==,25,0,81,,10,0,0,0,0
bFR+/m5oBl7DgqeRMsWvmg==,23,0,101,,,0,0,0,0
+iR/6a360B/A0pSH0GIcVA==,14,0,105,,,0,0,0,0
+ODS5hxR1TijJPUHZC2yrQ==,26,0,95,,,1,0,1,1
jUPPeOavujMFSMsCpWxgzw==,19,0,91,,,1,2,3,1
uPiS+Qj2iuLfzw8lbZRUTA==,20,17,96,,23.7,1,1,2,1
xK48NxVepPUGwsfAau1IKg==,28,17,91,,16,0,0,0,0
YxnxgpKylKpOrVl1dDiggg==,24,41,84,,,0,0,0,0
0TGroOqOqrAIh2WvyuwDeQ==,21,0,83,,,1,0,1,1
crqg9MjuAHtFwaBant2qzA==,24,40,97,,31,0,5,5,1
oXkKwPKsGqJOkfn1RZBgCA==,12,40,90,,,0,1,1,1
FyYlb8EoYXswHnc17Sso8w==,9,43,86,,,2,2,4,1
e/AZPXPIUoYjeGABYo/97A==,21,26,91,,,0,0,0,0
JHy7HbUKkSwOoZzI1yGihg==,19,2,100,,,0,1,1,1
bnvG0d8Hw7tUAN+1D4epZA==,21,38,78,,,0,9,9,1
d7PbY+S+NzYN63maebHwAg==,30,7,76,,,1,2,3,1
asrqzJ8Ozo5UotKs8trpaQ==,23,0,102,,,2,2,4,1
q7FJ2iN56KYq9L+7VS20yA==,15,0,89,,16,0,0,0,0
V+z1XRbsFA5UC9PoG9xAIw==,27,0,81,,,0,0,0,0
U1qdQqClek+RvFFdSRfmsg==,26,9,83,,,0,1,1,1
J8YpwzZ3NXXTiL8PF7Hy4Q==,24,0,95,,,0,0,0,0
zA+62qP3PDAEvIsHI6kwmA==,11,12,87,,,0,0,0,0
0dYa8aEeAUpRmLwpvDBcBg==,18,9,86,,,0,0,0,0
/8yDGfW3HIPbJTxsW+p5gA==,22,4,92,,,0,0,0,0
sNbhUgGq6AAZYE850Rd+Qg==,7,25,98,,,3,4,7,1
fhTzuUtu/Hgys70rdRpsIQ==,15,0,89,,,0,0,0,0
RsJchnNg1KyQzyONOB89CQ==,17,28,85,,10,0,0,0,0
kPuHVhay3tf7YNzPvzpWHw==,22,53,84,,18,14,13,27,1
eaIhn4cvRPA2OMNjbkYyHg==,10,78,95,,,3,1,4,1
r/kw6GrVXABQJmnh6YLyyQ==,30,15,97,,,2,0,2,1
4FUL1tVya8WyD9zEJ4SUIw==,8,10,97,,,1,2,3,1
Ta9xaLNurpjlfheUG8tAcQ==,20,20,79,,,0,0,0,0
JJsfw0YzdYNXTl8FJNbr8g==,23,61,68,,,1,2,3,1
s5oE5ReQoIB3TiMTi4LOQg==,15,20,94,,,0,0,0,0
PQE5sekQ2qOEWpKEYaNEeA==,19,5,87,,,0,1,1,1
okfyCTgmerrjKb8X+fJbbQ==,13,3,85,,,0,1,1,1
PGRu8dmAV5uRxc045y/ePA==,21,1,89,,,0,0,0,0
Ev8eI9tBdtv0QOp49WwCtg==,20,14,86,,,15,4,19,1
w2rslkXwy4tCUN3pZVuWcg==,8,21,92,,,0,0,0,0
VWuna3gqUPQWpLULdfmQwQ==,25,17,91,,,0,0,0,0
w91kj7VHxg6ER0u6QPHljg==,29,1,91,,,3,2,5,1
QekqPr7cB6vkFOCf0Xh3Ow==,23,4,66,,,2,15,17,1
lCKiG1K9p0hN/uoBO0ey8A==,20,28,78,,17,0,0,0,0
oaL+EjWp6z6qbogjBAf7fA==,26,1,90,,,3,12,15,1
nyRFoqo4weZm2brsQhdXyA==,29,0,83,,,0,0,0,0
mcajPKV/Stzson8aEivJ4g==,11,8,79,,,1,0,1,1
OQaeICHnfayJ6Mr78BPrhg==,20,14,80,,,0,0,0,0
6uPFvI91iXHpVIK6XbF5Jg==,14,16,84,,,5,19,24,1
Z89hx7ca/mwxCWdUu7iQ1g==,30,0,93,,,0,0,0,0
2+KB67EvZ1qm0cP/lykY6w==,26,10,78,,6,2,2,4,1
SaCRkuffDKAJDJkrucQiBw==,19,3,94,,,0,0,0,0
V3gEeHhg2TwntLYtVhHmKg==,5,19,90,,,2,0,2,1
/aKM6WeydRxYPAOwoidP1g==,11,42,93,,,3,1,4,1
XPwFzIypxzKzsXvkTC8yaQ==,11,31,76,,,0,0,0,0
1oNpbWldu2vIZOu9Hqc0Ww==,17,17,91,,,0,1,1,1
Bsm45rN4mKomAM7IvqUZqg==,18,17,76,,,0,1,1,1
6i7EMok7/HTWnFLaMnYfGg==,27,7,93,37,0,1,2,3,1
FRatNCA/Iat9Yzkt9qnOIg==,9,0,91,,304,0,0,0,0
vLkNkGAdMSpvmzA8Ac9+Iw==,28,12,89,,,0,0,0,0
TJhKRA+pyJdg/bRAwQ3Hqw==,0,17,74,,,1,3,4,1
O87x7x2fn91wLbGtPQPgCA==,18,33,88,,,2,15,17,1
UYcJfU6HJdDWTIFNJTc0GQ==,15,33,78,,,2,2,4,1
Vv1FVxoX4sgNVrANuH3SSw==,8,12,78,,,0,0,0,0
SKXhRLUpO6NBAHwfw3TQGw==,10,34,84,,,44,20,64,1
Rfo8Cx/EAVq2TdS6KjCg1Q==,22,9,95,,,0,0,0,0
JN+FuLYpBd1VqhWL2C3KGg==,0,29,71,,,0,0,0,0
80y5BKsO2C3Y/rKdjqeTXA==,20,20,97,,,0,0,0,0
k9Ua3abfq5YDHzsrvaX2Gw==,9,1,95,,,0,3,3,1
+XBwoBXd+QMf264eY3QLEQ==,22,8,90,,,0,0,0,0
CUzKllcpenwDof5B6Prh5A==,18,40,92,,,6,15,21,1
G6+LKje/2/rM1GhUVW7QPA==,18,16,76,,,2,0,2,1
XL97wLkpVBVTt45zjYJCew==,18,30,69,,,10,9,19,1
5dT7n2hyV/yXvDfDKZDRyA==,27,0,89,,,0,0,0,0
+z1xKQY08dGGmFj0PEEFTQ==,19,11,101,,13,0,0,0,0
mxKOP8nZ6tIi8Jow/dgcgA==,27,6,84,,,4,4,8,1
JyeqqSvARw86Sda/gqqjcQ==,21,4,88,,0,0,0,0,0
M6D3f4CA1jYuAFyao82plQ==,25,6,85,,38,2,3,5,1
IRI5Abexa8tNil4lWQmZPQ==,19,6,96,,,4,0,4,1
ioipu8gHBP4dd5bELnPUAA==,22,14,89,,,0,0,0,0
9Iwq6/cpYJf2HNI++qawhg==,22,11,93,,,8,6,14,1
YfrxLlGibE/53/8cUptoqw==,29,1,101,,,1,4,5,1
d+Xjv0bHBNMaGDq8eLzeug==,10,46,86,,,18,15,33,1
wnhz5H7MP19/6rdFVwV88A==,22,17,75,,,0,0,0,0
cFdECbzpxjqhADe8rx3NvQ==,18,14,84,,45,0,0,0,0
3ZzaDw8d7mSWSWvLqEkC7w==,29,15,86,,,0,0,0,0
hbYbBjrDrdvihaiXmO55mg==,20,12,92,,6,0,0,0,0
1LwDnrNyX7hDK0ssy5W1yw==,8,68,92,,6,2,0,2,1
E8kXhGUView7ZHrUUyv1IQ==,17,44,93,,,5,4,9,1
0tAHYtajxxMDJozUedi9tw==,20,1,86,,,0,1,1,1
KPu201cticmJcsn4WYjp3A==,13,21,96,,,16,15,31,1
fMCyFXGVYmMoS1LKjdq7Tg==,25,1,95,,,1,1,2,1
k8ywvxT7+Dg9PmpEAB2jjQ==,18,1,95,,,7,6,13,1
NcTpk2lLgNIT55TMTALg4A==,18,25,94,,,3,17,20,1
Rwd+DRZjqz9YT/d0K/tqgQ==,13,18,93,,,6,20,26,1
2Kqqb2fExTscDXHgYbpRhA==,18,35,82,,,0,0,0,0
miPSrKbdrgjo6fqpb70WHw==,10,17,93,,,3,50,53,1
SeB//46DYT/TYxVaEPW9RA==,20,16,77,,,,,0,0
xj9A5QjK6N/1qB5x5S/6jQ==,24,1,88,,15,0,0,0,0
Q2j49AgtM4POQOLyd3FieQ==,8,18,89,,6,0,0,0,0
WE+lGrBk4vgI/pscSndHEw==,27,3,96,,,0,0,0,0
gcSPMiXL1IYU7BR6zcZepw==,0,4,94,,,0,0,0,0
vqWxvl5YbmNjx8swv5SRpw==,10,26,96,,,0,0,0,0
LqhyBDwklwOYYuah0ZhO5w==,25,96,76,,8,0,0,0,0
XdsOsS/84LpsvjChFpUI1w==,3,3,82,,,0,0,0,0
0XSkKOvQlb5G5dOIyXwUNg==,4,20,74,,,0,0,0,0
SXLJ3KVTMkbwW06u40Bs5g==,26,22,91,,,0,0,0,0
hOTgIeEqFzZBsQUJSPt3jg==,30,4,100,,,0,0,0,0
JE8h961Sru3KU7jVICqIOA==,60,22,66,,,0,0,0,0
4OAHtNVYtkWGRlltF6nMtw==,25,5,93,,8,0,0,0,0
azTA8Vr4q8BajSXf2NrHUA==,20,23,95,,,0,0,0,0
Bw+t+zXDEYHexoBJ+2wEsA==,24,7,96,,7,0,0,0,0
yUzaeFMRNKRxHlByOTyXNg==,0,8,82,,10,0,0,0,0
8yPLB/R3E6GkehsoElrHOw==,0,37,82,,,0,0,0,0
PXZwYiwHnhzTnQFDUBHNWg==,11,12,75,,,0,0,0,0
RYCUDv9NHgmKapOHwHEdrQ==,0,24,81,,,0,0,0,0
5Fx6/WtaahaTNdLy9fyJ5Q==,1,19,84,,,0,0,0,0
wp0SAjo/x16kNXhMBiw1PA==,6,18,79,,6,0,0,0,0
Zz2RJXimLxEffFEzfui/BQ==,28,19,98,,,0,0,0,0
+82TQ61zCbQpYoNP4rDdAQ==,28,0,90,,8,0,0,0,0
cqmvClCncbHzVKh6kFicog==,25,6,89,,48,0,0,0,0
WQ7qftMTWEHTeJ7zqjxZaA==,13,34,96,,,0,0,0,0
T1vx/dJ2huqLjrsKjuNuNg==,14,55,77,,,0,0,0,0
mou75OM8IA1OiojjN7YR9w==,7,14,96,,,0,0,0,0
pi8cEpzYfigFgoykt8RTDQ==,0,0,94,,,0,0,0,0
nReFPm+4tHh+dt6wcx0hag==,20,6,93,,,0,0,0,0
ACSINEZD+q6kgXGd8PURwQ==,14,24,86,,,0,0,0,0
NR9UVBaQWinWmDipaWeRtw==,24,6,83,,,0,0,0,0
sdbGkt6gQ3iGt4zohCGLQw==,11,16,92,,,0,0,0,0
jqSg1nF250VenHmc2mAI4A==,27,0,86,,,0,0,0,0
Htyi5n5eRVZqgAjvjXTZ8A==,11,15,88,,,0,0,0,0
Oi6sKvnpnEPn1AJH5RhnQg==,20,11,90,,,0,0,0,0
R0NZpsUVfiQWRHtnceDVgg==,29,8,78,,6,0,0,0,0
IUXzkeJm/S8A0VMaQ3VWQA==,15,11,97,,,0,0,0,0
nvq7Xy0b7xGy4Mcj7KMfnw==,28,0,85,,,0,0,0,0
SfQcGvwcTYLOJdj7hBNLEw==,11,22,81,,,0,0,0,0
uAVJln1YvSLPWDa7s0J0EQ==,20,4,87,,13,0,0,0,0
OCcaD8Q/6QZP49/nhcHYuQ==,3,24,89,,6,0,0,0,0
8HxqcB3oIPz2PG1Tihh1bw==,43,8,86,,,0,0,0,0
80MxdBCI10gq2hEvPxOVQA==,39,6,97,,,0,0,0,0
0qFFwASKHByLNpCxbR1XUA==,24,20,86,,,0,0,0,0
d83g1dGrDBI0iB41zIZsog==,18,22,81,,19,0,0,0,0
ptvokBf0fL1jK5fbfwPOOw==,18,17,96,,6,0,0,0,0
JUHZHTy+/ZnWsWfUBl0eZw==,24,6,101,,7,0,0,0,0
tdjWPDB1Y4OufuWl1jKWLQ==,0,25,86,,12,0,0,0,0
acPxEAuUaHRdw4FdrfMpCQ==,19,16,91,,,0,0,0,0
2aXL137V2viJQPU7m0ZR+g==,10,19,97,,,0,0,0,0
+QMxQTTj1EnuvuD+mf0tOA==,22,17,79,,,0,0,0,0
vVmZYqdESPtVH7VSaF0ssg==,17,13,71,,,0,0,0,0
h1ozscZjVN4+pA+HFtXU5g==,12,16,71,,,0,0,0,0
hwqJWx5qwKHMWXjStnsycA==,24,0,100,,21,0,0,0,0
O2UF9EkLzmETy/94UoCR5Q==,28,30,93,,,0,0,0,0
SdTXNkcrzwwSz2EW3U5y2w==,15,17,82,,,0,0,0,0
Vn2au6d29DmLO5gqag88Og==,0,11,95,,,0,0,0,0
g9sr2lkD5lWYpsJXBa4nCA==,16,4,97,,,0,0,0,0
H9NhhJ19ZI5c13aIGuWVCA==,24,0,87,,,0,0,0,0
zwJnUOLg5EmP+OL03CaUvw==,29,0,98,,15,0,0,0,0
VUwh8EDOJ9I5iA/4864g/g==,20,63,89,,14,0,0,0,0
IwREiRhHiE0pHH8tTB/mbQ==,22,33,69,,,0,0,0,0
WUD4fKEgI/oHThY/szuL5A==,15,56,94,,,0,0,0,0
bbkMVcFmwaNDyte2KYf4Ew==,21,24,93,,11,0,0,0,0
vCBuG8w9uTYtEoJe/xCgNQ==,22,45,72,,24,0,0,0,0
9a9TGnzCGXf5jLc+Y5p/rQ==,15,12,72,,,0,0,0,0
BAy2oSTZBxmNEakytXuWiA==,22,14,93,,,0,0,0,0
lDYG0PoJXp6AQ4UQtR1okQ==,12,18,76,,9,0,0,0,0
Q5ZvmmRfE2aE0cy9gQ1djA==,20,24,71,,,0,0,0,0
Kd78xLwOeWPtJQvIC1EgyQ==,7,26,91,,,0,0,0,0
